{
  "nodes": 160,
  "edges": 3071,
  "density": 0.24143081761006288,
  "average_clustering": 0.23379039128958962,
  "connected_components": 14,
  "largest_component_size": 147,
  "average_shortest_path_length": 2.1923399496785017,
  "degree_distribution": {
    "0": 13,
    "1": 3,
    "2": 9,
    "3": 3,
    "4": 6,
    "5": 2,
    "6": 5,
    "7": 2,
    "8": 4,
    "9": 3,
    "10": 1,
    "12": 2,
    "13": 2,
    "14": 4,
    "15": 2,
    "16": 4,
    "17": 4,
    "18": 1,
    "19": 2,
    "20": 4,
    "21": 4,
    "22": 3,
    "24": 2,
    "25": 1,
    "27": 1,
    "28": 1,
    "71": 21,
    "72": 14,
    "73": 7,
    "74": 10,
    "75": 3,
    "76": 6,
    "77": 7,
    "78": 3,
    "79": 1
  },
  "power_law_alpha": 1.258264327041992
}